<?xml version="1.0" encoding="UTF-8" standalone="yes" ?>
<CodeBlocks_plugin_manifest_file>
    <SdkVersion major="1" minor="33"  release="0" />
    <Plugin name="SourceTrail">
        <Value title="SourceTrailPlugin" />
        <Value version="0.1" />
        <Value description="Plugin for Source Trail" />
        <Value author="Matthew Martin" />
        <Value authorEmail="martim01@outlook.com" />
        <Value authorWebsite="" />
        <Value thanksTo="" />
        <Value license="GPL" />
    </Plugin>
</CodeBlocks_plugin_manifest_file>
